{
    "providers": [
        {
            "type": "bitmap",
            "file": "minecraft:font/logo.png",
            "ascent": 22,
            "height": 24,
            "chars": [
                "\u20AA"
            ]
        },
        {
            "type": "bitmap",
            "file": "minecraft:font/admin.png",
            "ascent": 8,
            "height": 8,
            "chars": [
                "\u03A9"
            ]
        },
        {
            "type": "bitmap",
            "file": "minecraft:font/moder.png",
            "ascent": 8,
            "height": 8,
            "chars": [
                "\u03A8"
            ]
        },
        {
            "type": "bitmap",
            "file": "minecraft:font/content.png",
            "ascent": 8,
            "height": 8,
            "chars": [
                "\u03A7"
            ]
        },
        {
            "type": "bitmap",
            "file": "minecraft:font/tester.png",
            "ascent": 8,
            "height": 8,
            "chars": [
                "\u03A6"
            ]
        },
        {
            "type": "bitmap",
            "file": "minecraft:font/lor.png",
            "ascent": 8,
            "height": 8,
            "chars": [
                "\u03A5"
            ]
        },
        {
            "type": "bitmap",
            "file": "minecraft:font/mem.png",
            "ascent": 8,
            "height": 8,
            "chars": [
                "\u03A4"
            ]
        },
        {
            "type": "bitmap",
            "file": "minecraft:font/builder.png",
            "ascent": 8,
            "height": 8,
            "chars": [
                "\u03A3"
            ]
        },
        {
            "type": "bitmap",
            "file": "minecraft:font/mer.png",
            "ascent": 8,
            "height": 8,
            "chars": [
                "\u03A1"
            ]
        },
        {
            "type": "bitmap",
            "file": "minecraft:font/hub.png",
            "ascent": 8,
            "height": 8,
            "chars": [
                "\u039E"
            ]
        },
        {
            "type": "bitmap",
            "file": "minecraft:font/limbo.png",
            "ascent": 8,
            "height": 8,
            "chars": [
                "\u039D"
            ]
        },
        {
            "type": "bitmap",
            "file": "minecraft:font/cool.png",
            "ascent": 8,
            "height": 8,
            "chars": [
                "\u03A0"
            ]
        },
        {
            "type": "bitmap",
            "file": "minecraft:font/helper.png",
            "ascent": 8,
            "height": 8,
            "chars": [
                "\u039C"
            ]
        },
	    {
            "type": "bitmap",
            "file": "minecraft:font/premb.png",
            "ascent": 8,
            "height": 8,
            "chars": [
                "\u03B1"
            ]
        },
	    {
            "type": "bitmap",
            "file": "minecraft:font/mb8.png",
            "ascent": 8,
            "height": 8,
            "chars": [
                "\u03B2"
            ]
        },
        {
            "type": "bitmap",
            "file": "minecraft:font/kop.png",
            "ascent": 8,
            "height": 8,
            "chars": [
                "\u03B6"
            ]
        }
    ]
}